{"train/loss": 0.1005, "train/grad_norm": 0.5327197108758811, "train/learning_rate": 0.0, "train/epoch": 12.631578947368421, "train/global_step": 45, "_timestamp": 1724832185.4849834, "_runtime": 1019.8048784732819, "_step": 46, "train_runtime": 993.5826, "train_samples_per_second": 13.587, "train_steps_per_second": 0.045, "total_flos": 7060710359040.0, "train_loss": 0.42187265174256433, "eval/loss": 1.5011215209960938, "eval/runtime": 4.4762, "eval/samples_per_second": 22.34, "eval/steps_per_second": 2.904, "_wandb": {"runtime": 1013}}