{"train/loss": 0.1681, "train/grad_norm": 0.6479607173586445, "train/learning_rate": 0.0, "train/epoch": 12.631578947368421, "train/global_step": 45, "_timestamp": 1724818072.2286162, "_runtime": 962.2343993186951, "_step": 46, "train_runtime": 937.0709, "train_samples_per_second": 14.407, "train_steps_per_second": 0.048, "total_flos": 4451566878720.0, "train_loss": 0.523004048731592, "eval/loss": 1.6022400856018066, "eval/runtime": 4.4188, "eval/samples_per_second": 22.631, "eval/steps_per_second": 2.942, "_wandb": {"runtime": 956}}