{"train/loss": 0.0287, "train/grad_norm": 0.8183823903200073, "train/learning_rate": 0.0, "train/epoch": 14.76923076923077, "train/global_step": 60, "_timestamp": 1723608108.7700624, "_runtime": 2423.751121520996, "_step": 61, "train_runtime": 2399.5729, "train_samples_per_second": 5.626, "train_steps_per_second": 0.025, "total_flos": 3290496368640.0, "train_loss": 0.37230078984672826, "eval/loss": 1.9241855144500732, "eval/runtime": 5.2825, "eval/samples_per_second": 18.93, "eval/steps_per_second": 2.84, "_wandb": {"runtime": 2416}}