{"train/loss": 0.6202, "train/grad_norm": 1.3375687929091593, "train/learning_rate": 0.0, "train/epoch": 14.76923076923077, "train/global_step": 60, "_timestamp": 1724250021.8894758, "_runtime": 1786.176062822342, "_step": 61, "train_runtime": 1759.4956, "train_samples_per_second": 7.673, "train_steps_per_second": 0.034, "total_flos": 15273034383360.0, "train_loss": 1.2622619728247324, "eval/loss": 2.6473374366760254, "eval/runtime": 6.4689, "eval/samples_per_second": 15.459, "eval/steps_per_second": 2.319, "_wandb": {"runtime": 1779}}