{"train/loss": 0.063, "train/grad_norm": 1.4564824029374774, "train/learning_rate": 0.0, "train/epoch": 12.631578947368421, "train/global_step": 45, "_timestamp": 1725357447.149413, "_runtime": 970.3641710281372, "_step": 46, "train_runtime": 933.7923, "train_samples_per_second": 14.457, "train_steps_per_second": 0.048, "total_flos": 2400811745280.0, "train_loss": 0.4271663951377074, "eval/loss": 1.240212082862854, "eval/runtime": 4.3779, "eval/samples_per_second": 22.842, "eval/steps_per_second": 2.969, "_wandb": {"runtime": 964}}