{"train/loss": 1.1741, "train/grad_norm": 0.7035836525263867, "train/learning_rate": 0.0, "train/epoch": 4.2105263157894735, "train/global_step": 15, "_timestamp": 1724082026.3562334, "_runtime": 344.0043704509735, "_step": 16, "train_runtime": 319.8384, "train_samples_per_second": 14.07, "train_steps_per_second": 0.047, "total_flos": 2504274739200.0, "train_loss": 1.330895972251892, "eval/loss": 1.6035122871398926, "eval/runtime": 4.3571, "eval/samples_per_second": 22.951, "eval/steps_per_second": 2.984, "_wandb": {"runtime": 337}}