{"train/loss": 0.5016, "train/grad_norm": 4.622795404348311, "train/learning_rate": 0.0, "train/epoch": 4.923076923076923, "train/global_step": 20, "_timestamp": 1724056074.1126268, "_runtime": 512.9822437763214, "_step": 21, "train_runtime": 487.2217, "train_samples_per_second": 9.236, "train_steps_per_second": 0.041, "total_flos": 870106398720.0, "train_loss": 0.8405182272195816, "eval/loss": 0.89140784740448, "eval/runtime": 5.385, "eval/samples_per_second": 18.57, "eval/steps_per_second": 2.786, "_wandb": {"runtime": 506}}