{"train/loss": 0.0547, "train/grad_norm": 0.31903297448362444, "train/learning_rate": 0.0, "train/epoch": 12.631578947368421, "train/global_step": 45, "_timestamp": 1724754542.2406018, "_runtime": 1723.6727547645569, "_step": 46, "train_runtime": 1675.2448, "train_samples_per_second": 8.059, "train_steps_per_second": 0.027, "total_flos": 18927834071040.0, "train_loss": 0.3649378716945648, "eval/loss": 1.5858491659164429, "eval/runtime": 6.3018, "eval/samples_per_second": 15.868, "eval/steps_per_second": 2.063, "_wandb": {"runtime": 1717}}