{"train/loss": 1.1045, "train/grad_norm": 28.28307573526746, "train/learning_rate": 0.0, "train/epoch": 12.631578947368421, "train/global_step": 45, "_timestamp": 1724835201.281939, "_runtime": 1073.2421209812164, "_step": 46, "train_runtime": 1040.3459, "train_samples_per_second": 12.976, "train_steps_per_second": 0.043, "total_flos": 6661043650560.0, "train_loss": 1.7575826485951742, "eval/loss": 1.0282247066497803, "eval/runtime": 4.6229, "eval/samples_per_second": 21.632, "eval/steps_per_second": 2.812, "_wandb": {"runtime": 1067}}