{"train/loss": 0.0633, "train/grad_norm": 0.44739354066035575, "train/learning_rate": 0.0, "train/epoch": 12.631578947368421, "train/global_step": 45, "_timestamp": 1724808855.7835984, "_runtime": 1791.6984124183655, "_step": 46, "train_runtime": 1733.5583, "train_samples_per_second": 7.787, "train_steps_per_second": 0.026, "total_flos": 5574222151680.0, "train_loss": 0.38616066856516734, "eval/loss": 1.5596528053283691, "eval/runtime": 27.5364, "eval/samples_per_second": 3.632, "eval/steps_per_second": 0.472, "_wandb": {"runtime": 1785}}