{"train/loss": 0.0324, "train/grad_norm": 0.29036866029805203, "train/learning_rate": 0.0, "train/epoch": 12.631578947368421, "train/global_step": 45, "_timestamp": 1724985432.46389, "_runtime": 975.1288659572601, "_step": 46, "train_runtime": 945.3606, "train_samples_per_second": 14.28, "train_steps_per_second": 0.048, "total_flos": 14179030794240.0, "train_loss": 0.19218799182110363, "eval/loss": 0.9391797780990601, "eval/runtime": 4.3356, "eval/samples_per_second": 23.065, "eval/steps_per_second": 2.998, "_wandb": {"runtime": 968}}