{"train/loss": 0.0267, "train/grad_norm": 0.6055839921119976, "train/learning_rate": 0.0, "train/epoch": 12.8, "train/global_step": 60, "_timestamp": 1723166909.8380878, "_runtime": 6162.855526685715, "_step": 61, "train_runtime": 6122.6026, "train_samples_per_second": 2.205, "train_steps_per_second": 0.01, "total_flos": 3142126141440.0, "train_loss": 0.3485334703543534, "eval/loss": 2.0014450550079346, "eval/runtime": 17.546, "eval/samples_per_second": 5.699, "eval/steps_per_second": 0.969, "_wandb": {"runtime": 6156}}