{"train/loss": 0.028, "train/grad_norm": 0.330160582135326, "train/learning_rate": 0.0, "train/epoch": 12.631578947368421, "train/global_step": 45, "_timestamp": 1724339362.825646, "_runtime": 1620.8375580310822, "_step": 46, "train_runtime": 1563.9942, "train_samples_per_second": 8.632, "train_steps_per_second": 0.029, "total_flos": 4635879505920.0, "train_loss": 0.5185384021037155, "eval/loss": 2.320514678955078, "eval/runtime": 6.366, "eval/samples_per_second": 15.708, "eval/steps_per_second": 2.042, "_wandb": {"runtime": 1614}}