{"train/loss": 0.1246, "train/grad_norm": 0.485882474476229, "train/learning_rate": 0.0, "train/epoch": 12.631578947368421, "train/global_step": 45, "_timestamp": 1724341068.2897158, "_runtime": 1582.568677663803, "_step": 46, "train_runtime": 1534.7323, "train_samples_per_second": 8.796, "train_steps_per_second": 0.029, "total_flos": 12090527907840.0, "train_loss": 0.606500032875273, "eval/loss": 1.6054167747497559, "eval/runtime": 6.3065, "eval/samples_per_second": 15.857, "eval/steps_per_second": 2.061, "_wandb": {"runtime": 1576}}