{"train/loss": 0.8169, "train/grad_norm": 0.8806476550034248, "train/learning_rate": 0.0, "train/epoch": 2.985645933014354, "train/global_step": 156, "_timestamp": 1724256012.266884, "_runtime": 5408.873740196228, "_step": 157, "train_runtime": 5312.2119, "train_samples_per_second": 26.43, "train_steps_per_second": 0.029, "total_flos": 49174877306880.0, "train_loss": 1.1455845901599297, "eval/loss": 1.4629172086715698, "eval/runtime": 75.1164, "eval/samples_per_second": 69.226, "eval/steps_per_second": 2.476, "_wandb": {"runtime": 5403}}