{"train/loss": 0.0452, "train/grad_norm": 4.978811190164733, "train/learning_rate": 0.0, "train/epoch": 12.631578947368421, "train/global_step": 45, "_timestamp": 1724298547.9572291, "_runtime": 1030.9087710380554, "_step": 46, "train_runtime": 1005.3207, "train_samples_per_second": 13.429, "train_steps_per_second": 0.045, "total_flos": 7319214489600.0, "train_loss": 1.1959371102352938, "eval/loss": 1.9577364921569824, "eval/runtime": 4.5781, "eval/samples_per_second": 21.843, "eval/steps_per_second": 2.84, "_wandb": {"runtime": 1026}}