{"train/loss": 1.2407, "train/grad_norm": 1.6326253683371494, "train/learning_rate": 6.363636363636364e-06, "train/epoch": 0.9911504424778761, "train/global_step": 7, "_timestamp": 1723125032.4317377, "_runtime": 221.99323868751526, "_step": 6}