{"train/loss": 3.2076, "train/grad_norm": 43.42176395496776, "train/learning_rate": 0.0, "train/epoch": 12.631578947368421, "train/global_step": 45, "_timestamp": 1725010577.633215, "_runtime": 972.4326219558716, "_step": 46, "train_runtime": 936.7105, "train_samples_per_second": 14.412, "train_steps_per_second": 0.048, "total_flos": 2857909616640.0, "train_loss": 4.308164776696099, "eval/loss": 1.6961801052093506, "eval/runtime": 4.5882, "eval/samples_per_second": 21.795, "eval/steps_per_second": 2.833, "_wandb": {"runtime": 966}}