{"train/loss": 0.0346, "train/grad_norm": 3.469361122528288, "train/learning_rate": 0.0, "train/epoch": 12.631578947368421, "train/global_step": 45, "_timestamp": 1724295667.1490183, "_runtime": 973.7395162582397, "_step": 46, "train_runtime": 948.241, "train_samples_per_second": 14.237, "train_steps_per_second": 0.047, "total_flos": 7213118914560.0, "train_loss": 1.1605129334661695, "eval/loss": 2.509371280670166, "eval/runtime": 4.5428, "eval/samples_per_second": 22.013, "eval/steps_per_second": 2.862, "_wandb": {"runtime": 968}}