{"train/loss": 0.0016, "train/grad_norm": 0.07849644633107423, "train/learning_rate": 0.0, "train/epoch": 14.867256637168142, "train/global_step": 105, "_timestamp": 1724243125.799304, "_runtime": 3149.8358459472656, "_step": 106, "train_runtime": 3118.3345, "train_samples_per_second": 4.329, "train_steps_per_second": 0.034, "total_flos": 3475390464000.0, "train_loss": 0.31556581672879735, "eval/loss": 2.8811120986938477, "eval/runtime": 10.6569, "eval/samples_per_second": 9.384, "eval/steps_per_second": 2.346, "_wandb": {"runtime": 3144}}