{"train/loss": 0.0871, "train/grad_norm": 0.5535865119118516, "train/learning_rate": 0.0, "train/epoch": 14.76923076923077, "train/global_step": 60, "_timestamp": 1724247417.7759707, "_runtime": 1456.6282505989075, "_step": 61, "train_runtime": 1430.6263, "train_samples_per_second": 9.436, "train_steps_per_second": 0.042, "total_flos": 9057382563840.0, "train_loss": 0.5724608299632867, "eval/loss": 1.9239641427993774, "eval/runtime": 5.2559, "eval/samples_per_second": 19.026, "eval/steps_per_second": 2.854, "_wandb": {"runtime": 1451}}