{"train/loss": 0.0168, "train/grad_norm": 0.9672134888936564, "train/learning_rate": 0.0, "train/epoch": 14.76923076923077, "train/global_step": 60, "_timestamp": 1724244813.0692236, "_runtime": 1470.183929681778, "_step": 61, "train_runtime": 1444.2464, "train_samples_per_second": 9.347, "train_steps_per_second": 0.042, "total_flos": 2466754068480.0, "train_loss": 0.4319103027228266, "eval/loss": 2.2139837741851807, "eval/runtime": 5.3402, "eval/samples_per_second": 18.726, "eval/steps_per_second": 2.809, "_wandb": {"runtime": 1464}}