{"train/loss": 0.3494, "train/learning_rate": 0.0, "train/epoch": 15.0, "train/global_step": 15, "_timestamp": 1724230991.456195, "_runtime": 1128.1931810379028, "_step": 16, "train/grad_norm": 1.702101513669409, "train_runtime": 1102.6722, "train_samples_per_second": 12.243, "train_steps_per_second": 0.014, "total_flos": 17887238553600.0, "train_loss": 0.3654721041520437, "eval/loss": 1.4064249992370605, "eval/runtime": 4.42, "eval/samples_per_second": 22.625, "eval/steps_per_second": 0.226, "_wandb": {"runtime": 1122}}