{"train/loss": 0.0172, "train/grad_norm": 1.4003126050850732, "train/learning_rate": 0.0, "train/epoch": 14.76923076923077, "train/global_step": 60, "_timestamp": 1723562008.242266, "_runtime": 2377.6380908489227, "_step": 61, "train_runtime": 2344.1027, "train_samples_per_second": 5.759, "train_steps_per_second": 0.026, "total_flos": 2623788810240.0, "train_loss": 0.30558459359842044, "eval/loss": 1.4359878301620483, "eval/runtime": 5.1924, "eval/samples_per_second": 19.259, "eval/steps_per_second": 2.889, "_wandb": {"runtime": 2371}}