{"train/loss": 0.4309, "train/grad_norm": 0.3411998985002765, "train/learning_rate": 0.0, "train/epoch": 4.918032786885246, "train/global_step": 225, "_timestamp": 1724774111.3527884, "_runtime": 19415.898894548416, "_step": 226, "train_runtime": 19270.0991, "train_samples_per_second": 12.143, "train_steps_per_second": 0.012, "total_flos": 495531448205312.0, "train_loss": 0.6204433582888709, "eval/loss": 0.776365339756012, "eval/runtime": 104.5762, "eval/samples_per_second": 49.724, "eval/steps_per_second": 1.559, "_wandb": {"runtime": 19409}}