{"train/loss": 0.0319, "train/grad_norm": 4.032209888293509, "train/learning_rate": 0.0, "train/epoch": 12.631578947368421, "train/global_step": 45, "_timestamp": 1724337617.4235072, "_runtime": 1617.9040513038635, "_step": 46, "train_runtime": 1561.6386, "train_samples_per_second": 8.645, "train_steps_per_second": 0.029, "total_flos": 3288683151360.0, "train_loss": 0.47422029938962723, "eval/loss": 2.0309271812438965, "eval/runtime": 6.2624, "eval/samples_per_second": 15.968, "eval/steps_per_second": 2.076, "_wandb": {"runtime": 1611}}