{"train/loss": 0.5823, "train/grad_norm": 0.3807125101825124, "train/learning_rate": 0.0, "train/epoch": 2.9508196721311473, "train/global_step": 135, "_timestamp": 1724750050.5020072, "_runtime": 6491.821849346161, "_step": 136, "train_runtime": 6410.6903, "train_samples_per_second": 21.901, "train_steps_per_second": 0.021, "total_flos": 190677288222720.0, "train_loss": 0.7075655504509255, "eval/loss": 0.7948924899101257, "eval/runtime": 60.8301, "eval/samples_per_second": 85.484, "eval/steps_per_second": 2.68, "_wandb": {"runtime": 6485}}