{"train/loss": 0.086, "train/grad_norm": 0.4462963412503058, "train/learning_rate": 0.0, "train/epoch": 12.631578947368421, "train/global_step": 45, "_timestamp": 1724819819.7757573, "_runtime": 1620.6541283130646, "_step": 46, "train_runtime": 1573.6744, "train_samples_per_second": 8.579, "train_steps_per_second": 0.029, "total_flos": 6934171484160.0, "train_loss": 0.4580733262002468, "eval/loss": 1.6283825635910034, "eval/runtime": 6.3652, "eval/samples_per_second": 15.711, "eval/steps_per_second": 2.042, "_wandb": {"runtime": 1614}}