{"train/loss": 0.0174, "train/grad_norm": 0.20747877730569145, "train/learning_rate": 0.0, "train/epoch": 13.333333333333334, "train/global_step": 75, "_timestamp": 1723165161.9473162, "_runtime": 6510.592137098312, "_step": 76, "train_runtime": 6423.5455, "train_samples_per_second": 2.102, "train_steps_per_second": 0.012, "total_flos": 8701038428160.0, "train_loss": 0.32985178686678407, "eval/loss": 1.7768831253051758, "eval/runtime": 50.7091, "eval/samples_per_second": 1.972, "eval/steps_per_second": 0.394, "_wandb": {"runtime": 6504}}