{"train/loss": 3.21, "train/grad_norm": 43.30915024699962, "train/learning_rate": 0.0, "train/epoch": 12.631578947368421, "train/global_step": 45, "_timestamp": 1725004602.3308089, "_runtime": 965.0580308437347, "_step": 45, "train_runtime": 966.7229, "train_samples_per_second": 13.965, "train_steps_per_second": 0.047, "total_flos": 2857909616640.0, "train_loss": 4.311064471138848, "_wandb": {"runtime": 993}}