{"train/loss": 0.0441, "train/grad_norm": 0.3902446993663947, "train/learning_rate": 0.0, "train/epoch": 12.631578947368421, "train/global_step": 45, "_timestamp": 1724344606.745705, "_runtime": 1612.2700099945068, "_step": 46, "train_runtime": 1549.4833, "train_samples_per_second": 8.713, "train_steps_per_second": 0.029, "total_flos": 4845694648320.0, "train_loss": 0.36786312518848313, "eval/loss": 1.377610683441162, "eval/runtime": 6.3528, "eval/samples_per_second": 15.741, "eval/steps_per_second": 2.046, "_wandb": {"runtime": 1606}}