{"train/loss": 1.1513, "train/grad_norm": 34.18545219243944, "train/learning_rate": 0.0, "train/epoch": 12.631578947368421, "train/global_step": 45, "_timestamp": 1724300843.5924757, "_runtime": 1027.9508397579193, "_step": 46, "train_runtime": 1001.5022, "train_samples_per_second": 13.48, "train_steps_per_second": 0.045, "total_flos": 3002011484160.0, "train_loss": 3.3785094022750854, "eval/loss": 1.3143929243087769, "eval/runtime": 4.6414, "eval/samples_per_second": 21.545, "eval/steps_per_second": 2.801, "_wandb": {"runtime": 1021}}