{"train/loss": 0.2155, "train/grad_norm": 1.75611659999318, "train/learning_rate": 0.0, "train/epoch": 4.9914529914529915, "train/global_step": 1460, "_timestamp": 1723190325.145046, "_runtime": 31406.52329993248, "_step": 1463, "eval/loss": 1.6218928098678589, "eval/runtime": 99.0509, "eval/samples_per_second": 52.498, "eval/steps_per_second": 2.625, "train_runtime": 31282.3967, "train_samples_per_second": 7.48, "train_steps_per_second": 0.047, "total_flos": 72497296834560.0, "train_loss": 0.5796199942696585, "_wandb": {"runtime": 31400}}