{"train/loss": 0.2985, "train/grad_norm": 9.902493604018975, "train/learning_rate": 0.0, "train/epoch": 12.631578947368421, "train/global_step": 45, "_timestamp": 1724299733.9336421, "_runtime": 1098.959426164627, "_step": 46, "train_runtime": 1073.4967, "train_samples_per_second": 12.576, "train_steps_per_second": 0.042, "total_flos": 12994957148160.0, "train_loss": 1.4719998604721494, "eval/loss": 2.8075928688049316, "eval/runtime": 4.5307, "eval/samples_per_second": 22.071, "eval/steps_per_second": 2.869, "_wandb": {"runtime": 1092}}