{"train/loss": 0.7636, "train/grad_norm": 1.1140722844147606, "train/learning_rate": 0.0, "train/epoch": 12.631578947368421, "train/global_step": 45, "_timestamp": 1724342870.1730092, "_runtime": 1678.7719972133636, "_step": 46, "train_runtime": 1631.2216, "train_samples_per_second": 8.276, "train_steps_per_second": 0.028, "total_flos": 20368232939520.0, "train_loss": 1.2927597496244643, "eval/loss": 2.391446828842163, "eval/runtime": 6.2662, "eval/samples_per_second": 15.959, "eval/steps_per_second": 2.075, "_wandb": {"runtime": 1673}}