{"train/loss": 0.1181, "train/grad_norm": 0.26706632688437715, "train/learning_rate": 0.0, "train/epoch": 12.631578947368421, "train/global_step": 45, "_timestamp": 1724752690.6342862, "_runtime": 1745.1426541805267, "_step": 46, "train_runtime": 1684.9993, "train_samples_per_second": 8.012, "train_steps_per_second": 0.027, "total_flos": 29308786442240.0, "train_loss": 0.3498359062605434, "eval/loss": 0.9045963287353516, "eval/runtime": 6.4982, "eval/samples_per_second": 15.389, "eval/steps_per_second": 2.001, "_wandb": {"runtime": 1739}}