{"train/loss": 0.0349, "train/grad_norm": 3.5172714786002524, "train/learning_rate": 0.0, "train/epoch": 12.631578947368421, "train/global_step": 45, "_timestamp": 1724292852.9502494, "_runtime": 998.334189414978, "_step": 46, "train_runtime": 972.143, "train_samples_per_second": 13.887, "train_steps_per_second": 0.046, "total_flos": 7213118914560.0, "train_loss": 1.163470245152712, "eval/loss": 2.512981653213501, "eval/runtime": 4.5678, "eval/samples_per_second": 21.892, "eval/steps_per_second": 2.846, "_wandb": {"runtime": 992}}