{"train/loss": 0.1826, "train/grad_norm": 5.0040110711845065, "train/learning_rate": 0.0, "train/epoch": 12.631578947368421, "train/global_step": 45, "_timestamp": 1724988426.185273, "_runtime": 1030.8708469867706, "_step": 46, "train_runtime": 999.8455, "train_samples_per_second": 13.502, "train_steps_per_second": 0.045, "total_flos": 14041242009600.0, "train_loss": 0.5094329728020562, "eval/loss": 0.5362879633903503, "eval/runtime": 4.5271, "eval/samples_per_second": 22.089, "eval/steps_per_second": 2.872, "_wandb": {"runtime": 1024}}