{"train/loss": 0.0122, "train/grad_norm": 0.09806053875705766, "train/learning_rate": 0.0, "train/epoch": 12.631578947368421, "train/global_step": 45, "_timestamp": 1724987299.9989302, "_runtime": 1739.9408612251282, "_step": 46, "train_runtime": 1667.035, "train_samples_per_second": 8.098, "train_steps_per_second": 0.027, "total_flos": 22086567198720.0, "train_loss": 0.14186963323089813, "eval/loss": 0.9322052597999573, "eval/runtime": 6.3181, "eval/samples_per_second": 15.828, "eval/steps_per_second": 2.058, "_wandb": {"runtime": 1733}}