{"train/loss": 1.361, "train/grad_norm": 21.443942778434323, "train/learning_rate": 0.0, "train/epoch": 8.421052631578947, "train/global_step": 15, "_timestamp": 1724724312.6652598, "_runtime": 629.9545047283173, "_step": 16, "train_runtime": 604.1524, "train_samples_per_second": 22.345, "train_steps_per_second": 0.025, "total_flos": 7839085363200.0, "train_loss": 1.851007604598999, "eval/loss": 1.2091010808944702, "eval/runtime": 4.5555, "eval/samples_per_second": 21.952, "eval/steps_per_second": 2.854, "_wandb": {"runtime": 623}}