{"train/loss": 0.2387, "train/grad_norm": 0.587073509151257, "train/learning_rate": 0.0, "train/epoch": 12.631578947368421, "train/global_step": 45, "_timestamp": 1724335873.0120714, "_runtime": 1616.8953964710236, "_step": 46, "train_runtime": 1568.4705, "train_samples_per_second": 8.607, "train_steps_per_second": 0.029, "total_flos": 11756336578560.0, "train_loss": 0.7261738439400991, "eval/loss": 2.0785553455352783, "eval/runtime": 6.3615, "eval/samples_per_second": 15.719, "eval/steps_per_second": 2.044, "_wandb": {"runtime": 1610}}