{"train/loss": 1.1868, "train/grad_norm": 16.435237598285866, "train/learning_rate": 9.333333333333334e-06, "train/epoch": 0.9846153846153847, "train/global_step": 4, "_timestamp": 1723587967.6432095, "_runtime": 108.88490748405457, "_step": 3, "_wandb": {"runtime": 113}}