{"train/loss": 4.9952, "train/grad_norm": 55.9967040045662, "train/learning_rate": 0.0, "train/epoch": 8.421052631578947, "train/global_step": 15, "_timestamp": 1724680799.7914078, "_runtime": 616.3375837802887, "_step": 16, "train_runtime": 590.2216, "train_samples_per_second": 22.873, "train_steps_per_second": 0.025, "total_flos": 1657375948800.0, "train_loss": 5.84403559366862, "eval/loss": 1.7097690105438232, "eval/runtime": 4.6024, "eval/samples_per_second": 21.728, "eval/steps_per_second": 2.825, "_wandb": {"runtime": 610}}