{"train/loss": 0.1709, "train/grad_norm": 0.6594609091599499, "train/learning_rate": 0.0, "train/epoch": 14.545454545454545, "train/global_step": 30, "_timestamp": 1723585968.7565315, "_runtime": 2538.5241265296936, "_step": 31, "train_runtime": 2496.437, "train_samples_per_second": 5.408, "train_steps_per_second": 0.012, "total_flos": 4834032353280.0, "train_loss": 0.5602230752507845, "eval/loss": 1.5645962953567505, "eval/runtime": 5.2828, "eval/samples_per_second": 18.929, "eval/steps_per_second": 2.839, "_wandb": {"runtime": 2529}}