{"train/loss": 0.726, "train/grad_norm": 4.750554102652296, "train/learning_rate": 0.0, "train/epoch": 8.421052631578947, "train/global_step": 15, "_timestamp": 1724723599.1860008, "_runtime": 658.0192408561707, "_step": 16, "train_runtime": 631.3452, "train_samples_per_second": 21.383, "train_steps_per_second": 0.024, "total_flos": 12533693153280.0, "train_loss": 0.8889264504114787, "eval/loss": 0.6638915538787842, "eval/runtime": 4.7529, "eval/samples_per_second": 21.04, "eval/steps_per_second": 2.735, "_wandb": {"runtime": 651}}