{"train/loss": 0.9312, "train/grad_norm": 0.607942315288936, "train/learning_rate": 0.0, "train/epoch": 4.923076923076923, "train/global_step": 20, "_timestamp": 1724058221.8040676, "_runtime": 523.9455125331879, "_step": 21, "train_runtime": 496.8933, "train_samples_per_second": 9.056, "train_steps_per_second": 0.04, "total_flos": 3053206241280.0, "train_loss": 1.0574180245399476, "eval/loss": 1.1820095777511597, "eval/runtime": 5.2977, "eval/samples_per_second": 18.876, "eval/steps_per_second": 2.831, "_wandb": {"runtime": 517}}