{"train/loss": 3.2107, "train/grad_norm": 43.43494400078769, "train/learning_rate": 0.0, "train/epoch": 12.631578947368421, "train/global_step": 45, "_timestamp": 1725011642.8183327, "_runtime": 982.2602536678314, "_step": 46, "train_runtime": 943.3591, "train_samples_per_second": 14.311, "train_steps_per_second": 0.048, "total_flos": 2857909616640.0, "train_loss": 4.311651235156589, "eval/loss": 1.696006178855896, "eval/runtime": 4.5846, "eval/samples_per_second": 21.812, "eval/steps_per_second": 2.836, "_wandb": {"runtime": 976}}