{"train/loss": 0.9406, "train/grad_norm": 3.7318804082158885, "train/learning_rate": 8.666666666666668e-06, "train/epoch": 1.9692307692307693, "train/global_step": 8, "_timestamp": 1723587504.5759263, "_runtime": 260.65056228637695, "_step": 7}