{"train/loss": 1.8554, "train/grad_norm": 34.443901117886604, "train/learning_rate": 0.0, "train/epoch": 12.631578947368421, "train/global_step": 45, "_timestamp": 1724820874.5233328, "_runtime": 966.1534259319305, "_step": 46, "train_runtime": 940.1654, "train_samples_per_second": 14.359, "train_steps_per_second": 0.048, "total_flos": 4281803735040.0, "train_loss": 2.914585190349155, "eval/loss": 1.1567784547805786, "eval/runtime": 4.5141, "eval/samples_per_second": 22.153, "eval/steps_per_second": 2.88, "_wandb": {"runtime": 960}}