{"train/loss": 0.1358, "train/grad_norm": 0.5361666364718212, "train/learning_rate": 0.0, "train/epoch": 12.631578947368421, "train/global_step": 45, "_timestamp": 1724743435.917495, "_runtime": 963.901878118515, "_step": 46, "train_runtime": 939.1623, "train_samples_per_second": 14.375, "train_steps_per_second": 0.048, "total_flos": 12151202119680.0, "train_loss": 0.4741308682494693, "eval/loss": 1.5760031938552856, "eval/runtime": 4.3392, "eval/samples_per_second": 23.046, "eval/steps_per_second": 2.996, "_wandb": {"runtime": 958}}