{"train/loss": 0.2241, "train/grad_norm": 0.3446114323532346, "train/learning_rate": 0.0, "train/epoch": 12.631578947368421, "train/global_step": 45, "_timestamp": 1724742372.0705323, "_runtime": 973.0271162986755, "_step": 46, "train_runtime": 948.3162, "train_samples_per_second": 14.236, "train_steps_per_second": 0.047, "total_flos": 18815517327360.0, "train_loss": 0.4459450960159302, "eval/loss": 0.8892263174057007, "eval/runtime": 4.3752, "eval/samples_per_second": 22.856, "eval/steps_per_second": 2.971, "_wandb": {"runtime": 967}}