{"train/loss": 0.0088, "train/grad_norm": 0.3659405943872462, "train/learning_rate": 0.0, "train/epoch": 14.76923076923077, "train/global_step": 60, "_timestamp": 1723182114.365335, "_runtime": 4150.286966085434, "_step": 61, "train_runtime": 4120.7953, "train_samples_per_second": 3.276, "train_steps_per_second": 0.015, "total_flos": 3405997670400.0, "train_loss": 0.3188782686367631, "eval/loss": 2.2057981491088867, "eval/runtime": 5.4899, "eval/samples_per_second": 18.215, "eval/steps_per_second": 2.732, "_wandb": {"runtime": 4144}}