{"train/loss": 0.6763, "train/grad_norm": 0.7597555831598595, "train/learning_rate": 0.0, "train/epoch": 4.923076923076923, "train/global_step": 20, "_timestamp": 1724058888.5547957, "_runtime": 557.1964466571808, "_step": 21, "train_runtime": 531.1929, "train_samples_per_second": 8.471, "train_steps_per_second": 0.038, "total_flos": 3235902259200.0, "train_loss": 0.8609316915273666, "eval/loss": 0.9487202167510986, "eval/runtime": 5.3616, "eval/samples_per_second": 18.651, "eval/steps_per_second": 2.798, "_wandb": {"runtime": 551}}