{"train/loss": 0.4543, "train/grad_norm": 0.8189834727761116, "train/learning_rate": 0.0, "train/epoch": 12.631578947368421, "train/global_step": 45, "_timestamp": 1724261100.8734875, "_runtime": 1062.0414173603058, "_step": 46, "train_runtime": 1036.3542, "train_samples_per_second": 13.026, "train_steps_per_second": 0.043, "total_flos": 7547277803520.0, "train_loss": 0.8645361661911011, "eval/loss": 1.9971849918365479, "eval/runtime": 4.4932, "eval/samples_per_second": 22.256, "eval/steps_per_second": 2.893, "_wandb": {"runtime": 1056}}