{"train/loss": 2.2473, "train/grad_norm": 40.236442604640914, "train/learning_rate": 3.555555555555556e-06, "train/epoch": 8.140350877192983, "train/global_step": 29, "_timestamp": 1724297435.9299, "_runtime": 613.8985319137573, "_step": 28}