{"train/loss": 3.2077, "train/grad_norm": 43.39936078563326, "train/learning_rate": 0.0, "train/epoch": 12.631578947368421, "train/global_step": 45, "_timestamp": 1725002469.7819831, "_runtime": 995.1050062179565, "_step": 46, "train_runtime": 963.4024, "train_samples_per_second": 14.013, "train_steps_per_second": 0.047, "total_flos": 2857909616640.0, "train_loss": 4.3091242419348825, "eval/loss": 1.6963768005371094, "eval/runtime": 4.5823, "eval/samples_per_second": 21.823, "eval/steps_per_second": 2.837, "_wandb": {"runtime": 988}}