{"train/loss": 0.0319, "train/grad_norm": 2.410566644335611, "train/learning_rate": 0.0, "train/epoch": 14.76923076923077, "train/global_step": 60, "_timestamp": 1723578554.6294644, "_runtime": 2404.056745290756, "_step": 61, "train_runtime": 2376.5613, "train_samples_per_second": 5.68, "train_steps_per_second": 0.025, "total_flos": 3290496368640.0, "train_loss": 0.3654209117715557, "eval/loss": 1.9549652338027954, "eval/runtime": 5.2806, "eval/samples_per_second": 18.937, "eval/steps_per_second": 2.841, "_wandb": {"runtime": 2397}}