{"train/loss": 0.007, "train/grad_norm": 0.1252962565418093, "train/learning_rate": 0.0, "train/epoch": 14.867256637168142, "train/global_step": 105, "_timestamp": 1723131602.3753495, "_runtime": 4100.233881473541, "_step": 106, "train_runtime": 4184.3561, "train_samples_per_second": 3.226, "train_steps_per_second": 0.025, "total_flos": 9204960460800.0, "train_loss": 0.4144930723522391, "eval/loss": 2.653576612472534, "eval/runtime": 10.5492, "eval/samples_per_second": 9.479, "eval/steps_per_second": 2.37, "_wandb": {"runtime": 4094}}