{"train/loss": 0.0674, "train/grad_norm": 1.2465110725740396, "train/learning_rate": 0.0, "train/epoch": 12.631578947368421, "train/global_step": 45, "_timestamp": 1725356379.3693972, "_runtime": 929.612312078476, "_step": 46, "train_runtime": 905.3014, "train_samples_per_second": 14.912, "train_steps_per_second": 0.05, "total_flos": 2400811745280.0, "train_loss": 0.43075428820318645, "eval/loss": 1.2131327390670776, "eval/runtime": 4.3367, "eval/samples_per_second": 23.059, "eval/steps_per_second": 2.998, "_wandb": {"runtime": 923}}