{"train/loss": 0.0487, "train/grad_norm": 5.685392890713652, "train/learning_rate": 0.0, "train/epoch": 12.631578947368421, "train/global_step": 45, "_timestamp": 1725439867.691155, "_runtime": 967.6679039001465, "_step": 46, "train_runtime": 944.6564, "train_samples_per_second": 14.275, "train_steps_per_second": 0.048, "total_flos": 2051700817920.0, "train_loss": 0.35955885946750643, "eval/loss": 1.322087049484253, "eval/runtime": 4.4238, "eval/samples_per_second": 22.605, "eval/steps_per_second": 2.939, "_wandb": {"runtime": 961}}