{"train/loss": 0.3367, "train/grad_norm": 3.5889041239595856, "train/learning_rate": 0.0, "train/epoch": 2.9508196721311473, "train/global_step": 135, "_timestamp": 1724314220.8103883, "_runtime": 3290.1227552890778, "_step": 136, "train_runtime": 3214.8893, "train_samples_per_second": 43.672, "train_steps_per_second": 0.042, "total_flos": 46823752335360.0, "train_loss": 0.9325044731299083, "eval/loss": 1.8033732175827026, "eval/runtime": 53.3746, "eval/samples_per_second": 97.425, "eval/steps_per_second": 3.054, "_wandb": {"runtime": 3284}}