{"train/loss": 0.0641, "train/grad_norm": 1.4037654545002056, "train/learning_rate": 0.0, "train/epoch": 12.631578947368421, "train/global_step": 45, "_timestamp": 1725358519.9666457, "_runtime": 963.20503282547, "_step": 46, "train_runtime": 928.5587, "train_samples_per_second": 14.539, "train_steps_per_second": 0.048, "total_flos": 2400811745280.0, "train_loss": 0.42792406901717184, "eval/loss": 1.2318699359893799, "eval/runtime": 4.3753, "eval/samples_per_second": 22.856, "eval/steps_per_second": 2.971, "_wandb": {"runtime": 958}}