{"train/loss": 0.6939, "train/grad_norm": 0.8617902973315839, "train/learning_rate": 0.0, "train/epoch": 4.918032786885246, "train/global_step": 225, "_timestamp": 1724354252.6650417, "_runtime": 9519.31634068489, "_step": 226, "train_runtime": 9386.6586, "train_samples_per_second": 24.929, "train_steps_per_second": 0.024, "total_flos": 126320978165760.0, "train_loss": 1.0372082005606758, "eval/loss": 1.556880235671997, "eval/runtime": 76.0764, "eval/samples_per_second": 68.352, "eval/steps_per_second": 2.143, "_wandb": {"runtime": 9513}}