{"train/loss": 0.0193, "train/grad_norm": 1.4503086649460362, "train/learning_rate": 0.0, "train/epoch": 12.631578947368421, "train/global_step": 45, "_timestamp": 1724810224.6473322, "_runtime": 2536.840640306473, "_step": 46, "train_runtime": 2486.5129, "train_samples_per_second": 5.429, "train_steps_per_second": 0.018, "total_flos": 8682922967040.0, "train_loss": 0.31502554648452336, "eval/loss": 1.5963047742843628, "eval/runtime": 6.5765, "eval/samples_per_second": 15.206, "eval/steps_per_second": 1.977, "_wandb": {"runtime": 2531}}