{"train/loss": 0.0413, "train/grad_norm": 0.26808743142533403, "train/learning_rate": 0.0, "train/epoch": 12.631578947368421, "train/global_step": 45, "_timestamp": 1724834037.817247, "_runtime": 1729.2328789234161, "_step": 46, "train_runtime": 1670.8783, "train_samples_per_second": 8.08, "train_steps_per_second": 0.027, "total_flos": 10998414213120.0, "train_loss": 0.34123638785547683, "eval/loss": 1.539894700050354, "eval/runtime": 6.5342, "eval/samples_per_second": 15.304, "eval/steps_per_second": 1.99, "_wandb": {"runtime": 1723}}