{"train/loss": 0.5994, "train/grad_norm": 1.5112923900632, "train/learning_rate": 0.0, "train/epoch": 4.923076923076923, "train/global_step": 20, "_timestamp": 1724057613.38939, "_runtime": 509.1921761035919, "_step": 21, "train_runtime": 484.7233, "train_samples_per_second": 9.284, "train_steps_per_second": 0.041, "total_flos": 1212674211840.0, "train_loss": 0.882733604311943, "eval/loss": 1.1145788431167603, "eval/runtime": 5.4552, "eval/samples_per_second": 18.331, "eval/steps_per_second": 2.75, "_wandb": {"runtime": 503}}