{"train/loss": 0.5495, "train/grad_norm": 1.3062269071883124, "train/learning_rate": 0.0, "train/epoch": 4.923076923076923, "train/global_step": 20, "_timestamp": 1724055472.1520145, "_runtime": 509.48891949653625, "_step": 21, "train_runtime": 484.4588, "train_samples_per_second": 9.289, "train_steps_per_second": 0.041, "total_flos": 1211881881600.0, "train_loss": 0.8182183533906937, "eval/loss": 0.9493640065193176, "eval/runtime": 5.2884, "eval/samples_per_second": 18.909, "eval/steps_per_second": 2.836, "_wandb": {"runtime": 504}}