{"train/loss": 2.7032, "train/grad_norm": 49.95853749610771, "train/learning_rate": 0.0, "train/epoch": 12.631578947368421, "train/global_step": 45, "_timestamp": 1724647387.6329272, "_runtime": 991.6360371112823, "_step": 46, "train_runtime": 966.9337, "train_samples_per_second": 13.962, "train_steps_per_second": 0.047, "total_flos": 3002011484160.0, "train_loss": 3.9119467894236246, "eval/loss": 1.2695162296295166, "eval/runtime": 4.5968, "eval/samples_per_second": 21.754, "eval/steps_per_second": 2.828, "_wandb": {"runtime": 985}}