{"train/loss": 1.2406, "train/grad_norm": 1.6487579757347128, "train/learning_rate": 6.363636363636364e-06, "train/epoch": 0.9911504424778761, "train/global_step": 7, "_timestamp": 1723126079.550139, "_runtime": 220.57019901275635, "_step": 6}