{"train/loss": 1.3334, "train/grad_norm": 29.354081647617594, "train/learning_rate": 0.0, "train/epoch": 12.631578947368421, "train/global_step": 45, "_timestamp": 1724811357.08113, "_runtime": 1043.2217950820923, "_step": 46, "train_runtime": 1016.7299, "train_samples_per_second": 13.278, "train_steps_per_second": 0.044, "total_flos": 5303194091520.0, "train_loss": 2.2668658945295546, "eval/loss": 1.0622074604034424, "eval/runtime": 4.7078, "eval/samples_per_second": 21.241, "eval/steps_per_second": 2.761, "_wandb": {"runtime": 1037}}