{"train/loss": 1.7461, "train/grad_norm": 59.30078420908529, "train/learning_rate": 0.0, "train/epoch": 14.867256637168142, "train/global_step": 105, "_timestamp": 1724659015.904453, "_runtime": 2642.8791999816895, "_step": 106, "train_runtime": 2612.4905, "train_samples_per_second": 5.167, "train_steps_per_second": 0.04, "total_flos": 3504042147840.0, "train_loss": 2.8712619690668015, "eval/loss": 1.071370244026184, "eval/runtime": 9.2853, "eval/samples_per_second": 10.77, "eval/steps_per_second": 2.692, "_wandb": {"runtime": 2637}}