{"train/loss": 3.213, "train/grad_norm": 43.516285621107556, "train/learning_rate": 0.0, "train/epoch": 12.631578947368421, "train/global_step": 45, "_timestamp": 1725009510.7369547, "_runtime": 969.7561187744141, "_step": 46, "train_runtime": 942.6325, "train_samples_per_second": 14.322, "train_steps_per_second": 0.048, "total_flos": 2857909616640.0, "train_loss": 4.315179687076145, "eval/loss": 1.696313738822937, "eval/runtime": 4.5315, "eval/samples_per_second": 22.068, "eval/steps_per_second": 2.869, "_wandb": {"runtime": 963}}