{"train/loss": 0.0006, "train/grad_norm": 0.026743261050845395, "train/learning_rate": 0.0, "train/epoch": 14.867256637168142, "train/global_step": 105, "_timestamp": 1724687229.1115127, "_runtime": 2576.5157675743103, "_step": 106, "train_runtime": 2546.7219, "train_samples_per_second": 5.301, "train_steps_per_second": 0.041, "total_flos": 6222501642240.0, "train_loss": 0.18254371135928002, "eval/loss": 2.4191877841949463, "eval/runtime": 9.144, "eval/samples_per_second": 10.936, "eval/steps_per_second": 2.734, "_wandb": {"runtime": 2570}}