{"train/loss": 3.2078, "train/grad_norm": 43.47683695443472, "train/learning_rate": 0.0, "train/epoch": 12.631578947368421, "train/global_step": 45, "_timestamp": 1725003552.0240605, "_runtime": 1001.975599527359, "_step": 46, "train_runtime": 959.7554, "train_samples_per_second": 14.066, "train_steps_per_second": 0.047, "total_flos": 2857909616640.0, "train_loss": 4.308415937423706, "eval/loss": 1.6963547468185425, "eval/runtime": 4.5472, "eval/samples_per_second": 21.991, "eval/steps_per_second": 2.859, "_wandb": {"runtime": 995}}