{"train/loss": 2.8539, "train/grad_norm": 41.62283713646948, "train/learning_rate": 0.0, "train/epoch": 12.631578947368421, "train/global_step": 45, "_timestamp": 1724296739.2184353, "_runtime": 989.0461893081665, "_step": 46, "train_runtime": 962.7085, "train_samples_per_second": 14.023, "train_steps_per_second": 0.047, "total_flos": 2033605017600.0, "train_loss": 4.689037375979954, "eval/loss": 2.6224820613861084, "eval/runtime": 4.5715, "eval/samples_per_second": 21.874, "eval/steps_per_second": 2.844, "_wandb": {"runtime": 982}}