{"train/loss": 0.0145, "train/grad_norm": 0.5275374162882005, "train/learning_rate": 0.0, "train/epoch": 14.76923076923077, "train/global_step": 60, "_timestamp": 1723612644.306772, "_runtime": 3519.904989004135, "_step": 61, "train_runtime": 3487.741, "train_samples_per_second": 3.871, "train_steps_per_second": 0.017, "total_flos": 3628437995520.0, "train_loss": 0.314687087557589, "eval/loss": 1.7480592727661133, "eval/runtime": 5.3219, "eval/samples_per_second": 18.79, "eval/steps_per_second": 2.819, "_wandb": {"runtime": 3513}}