{"train/loss": 0.4761, "train/grad_norm": 1.9411530665399437, "train/learning_rate": 0.0, "train/epoch": 2.9508196721311473, "train/global_step": 135, "_timestamp": 1724731155.1507163, "_runtime": 6730.485611200333, "_step": 136, "train_runtime": 6645.1156, "train_samples_per_second": 21.128, "train_steps_per_second": 0.02, "total_flos": 188114534400000.0, "train_loss": 0.6191861757525692, "eval/loss": 0.7518420815467834, "eval/runtime": 63.4782, "eval/samples_per_second": 81.918, "eval/steps_per_second": 2.568, "_wandb": {"runtime": 6724}}