{"train/loss": 0.55, "train/grad_norm": 1.5482741684520223, "train/learning_rate": 0.0, "train/epoch": 4.923076923076923, "train/global_step": 20, "_timestamp": 1724056939.7959628, "_runtime": 516.2572467327118, "_step": 21, "train_runtime": 490.4939, "train_samples_per_second": 9.174, "train_steps_per_second": 0.041, "total_flos": 1136687185920.0, "train_loss": 0.8812266558408737, "eval/loss": 1.1768218278884888, "eval/runtime": 5.3178, "eval/samples_per_second": 18.805, "eval/steps_per_second": 2.821, "_wandb": {"runtime": 510}}